<?xml version='1.0' encoding='utf-8'?>
<question id="12.3_PE">
  <questionText>To model the packet arrivals as a poisson process, we assumed that the arrivals for each time interval Δt are independent. Does this assumption hold for real INTERNET traffic? Explain your answer in 2-5 sentences. </questionText>
  <referenceAnswers>
    <referenceAnswer id="12.3_PE.a1">No. Real internet traffic often comes in bursts. Therefore, arrivals are not independent because the probability of an arrival happening at a node is influenced by previous arrivals at the node. For example, on-demand video streams selectively load the next video segments when needed. This means the actual network utilization depends on the current playback state on the client-side. The packet arrivals are not independent, as it is likely that there is a low utilization directly after the next segments have been loaded.</referenceAnswer>
  </referenceAnswers>
  <studentAnswers>
    <studentAnswer id="12.3_PE.23">
      <response>It couldn’t be in the real internet. In the real internet if a packet is lost or has error, it needs to be retransmitted. Obviously it could affect the following arrivals. It means the time intervals could not be independent.</response>
      <response_feedback>“No” is the correct answer. While the example is correct, it limits the dependency of packet arrival to only retransmission.</response_feedback>
      <score>0.75</score>
      <verification_feedback>Partially correct</verification_feedback>
    </studentAnswer>
    <studentAnswer id="12.3_PE.89">
      <response>No, because the network load varies. For example depending on time and day there may be more or less traffic (i.e. evening vs. morning, days before work days vs work-free days, etc.). Another factor can be the type of traffic: For example some video streaming applications produce a bursty traffic, if they buffer the video to some extend (which means continous traffic load), pause after the buffer is full (no load), and then continue after a certain buffer threshold.</response>
      <response_feedback>The response is partially correct because the arrival process' parameters can be time-dependent. In this way, the arrival rate wouldn't depend on the previous arrivals, but instead on the time of the day.</response_feedback>
      <score>0.75</score>
      <verification_feedback>Partially correct</verification_feedback>
    </studentAnswer>
    <studentAnswer id="12.3_PE.97">
      <response>No, this assumption does not hold for real internet traffic since problems that may block the arrival of packets may usually persist longer than one time step Δt. If for example the arrival is blocked by congestion it is more likely to still have congestion in the next time step. On the other hand, if the arrival is not blocked it is likely that the following packets will also arrive. The arrival of packets is not a wholly random process, blocking is caused by observable problems.</response>
      <response_feedback>The response is correct about the packets being dependent on each other. While the persistence of problems may be true, it is more of a pathological case and doesn’t reflect an inherent shortcoming of the model that makes the assumption false.</response_feedback>
      <score>0.75</score>
      <verification_feedback>Partially correct</verification_feedback>
    </studentAnswer>
    <studentAnswer id="12.3_PE.133">
      <response>After all, this is not less and not more than a simple model. The details of internet traffic including bursty traffic situations, streams like video (e.g. YouTube, Netflix) or audio (e.g. internet telephony) or the traffic depending on daytime or season cannot be modelled accurately using a Poisson process. There is some derivatives of the Poisson process to better model the bustiness, e.g. the compound Poisson process.
However, the Poisson process has some nice mathematical features allowing a simpler math and therefore allowing to analytically describe queueing systems. Therefore it is widely used for a first analysis or for more mathematical modelling. If a system needs to be analyzed in more detail, simulations tools (e.g. Opnet) can be used. This does not lead to a mathematical formula but delivers more precise numerical results and enables the modelling of a wide variety of data source models.</response>
      <response_feedback>The question asks whether it is true that the arrivals at a node depend on previous arrivals for real internet traffic instead of whether the Poisson process is a realistic model. The reasoning is correct for both questions, but the definitive answer to arrival independence is missing.</response_feedback>
      <score>0.5</score>
      <verification_feedback>Partially correct</verification_feedback>
    </studentAnswer>
    <studentAnswer id="12.3_PE.138">
      <response>No, it does not hold the assumption realistically. The poisson process implies that for every interval delta t there is a propability wich states if a packet was received or not. But for example, if we are watching a video stream, then we are watching it consecutively and hence, we have multiple delta t´s where packets are arriving.</response>
      <response_feedback>The response points out that packets are received continuously while streaming, but in reality, they are received in bursts. Apart from that, the response is correct.</response_feedback>
      <score>0.75</score>
      <verification_feedback>Partially correct</verification_feedback>
    </studentAnswer>
    <studentAnswer id="12.3_PE.181">
      <response>The assumption does not hold for real internet traffic because it has very strong assumptions:
- It assumes that only one packet can arrive at the same time in the defined time interval. This is not realistic because there may be many time intervals then where 0 packets arrive and time intervals where more than one packet arrives in the same time interval e.g. depending on time of day
- independence assumption does not hold because in different time intervals the probability that a packet (or packets) arrive will not always be the same like poisson process assumes
- also the assumption that two or more packets arrive in one time interval is 0 is unrealistic.</response>
      <response_feedback>The response correctly states that the independence assumption does not hold.  However, the explanation is incorrect as the Poisson process requires independent inter-arrival times but not a constant inter-arrival rate parameter.</response_feedback>
      <score>0.5</score>
      <verification_feedback>Partially correct</verification_feedback>
    </studentAnswer>
    <studentAnswer id="12.3_PE.200">
      <response>No, in real internet traffic the probability for arrivals in each time interval are not always independent. I.e. downloads require multiple packets over a certain amount of time. This means if there is an arrival in time interval 1 the probability of an arrival in the following intervals is high. The same goes for video streaming (-&gt; on/off bursty traffic).</response>
      <response_feedback>The response is correct as it correctly associates the probability of a packet arrival happening at a node with previous arrivals at the node.</response_feedback>
      <score>1.0</score>
      <verification_feedback>Correct</verification_feedback>
    </studentAnswer>
    <studentAnswer id="12.3_PE.212">
      <response>This assumption mostly does not hold for real internet traffic as packets are not sent independently and in a steady way. Rather, internet traffic is very bursty. Data and messages are not sent via individual and independent packets so a single packet most likely is part of a larger message with which it is sent together.</response>
      <response_feedback>It is correct that the assumption does not hold because of bursty traffic. However, the explanation for why the traffic is bursty only refers to packet fragmentation which is only a small reason for bursty traffic.</response_feedback>
      <score>0.75</score>
      <verification_feedback>Partially correct</verification_feedback>
    </studentAnswer>
    <studentAnswer id="12.3_PE.217">
      <response>Through the whole lesson we have learned that some issues can surge if two users or more send information at the same time.With these independent intervals the system cannot assure that there won't be collisions, overflow or congestion which might affect the correct arrival of the packets (there is a risk that the information won't be correctly sent) . BUT with the CONDITION given on the lecture that this interval delta t is infinitely  small all of this problems will be avoided and there would not be any problem in the real internet traffic.</response>
      <response_feedback>The assumption does not hold for the internet. So the stated response is incorrect as it relates to the situation when multiple users send at the same time while the question asked if a packet arrival at a node is dependent on the previous arrivals.</response_feedback>
      <score>0.0</score>
      <verification_feedback>Incorrect</verification_feedback>
    </studentAnswer>
    <studentAnswer id="12.3_PE.220">
      <response>The assumption of independent arrivals for each time interval Δt doesn’t hold for real internet traffic. If we use streaming as an example for internet traffic, we will see that the arrivals for each time interval aren’t independent. The video buffer can be on or off for some time, so if its on we receive the next video segment and then it stops for some time and starts over again. So its not independent.</response>
      <response_feedback>The response is correct as it correctly associates the probability of a packet arrival happening at a node with previous arrivals at the node.</response_feedback>
      <score>1.0</score>
      <verification_feedback>Correct</verification_feedback>
    </studentAnswer>
    <studentAnswer id="12.3_PE.275">
      <response>This assumption does not hold for the real internet traffic.
Data packets are often sent in bursts or packet trains, especially in applications such as streaming. Therefore, over a higher time scale the probability of multiple arrivals of data packets one after another is high and no longer independent from one another. On the flip side, the chance that no arrival happens in an interval deltaT is higher, if there has not been an arrival in the previous interval. 
In streaming for instance, multiple data packets are sent in bursts and buffered at the receiver to reliably guarantee a steady video stream.</response>
      <response_feedback>The response is correct as it correctly associates the probability of a packet arrival happening at a node with previous arrivals at the node.</response_feedback>
      <score>1.0</score>
      <verification_feedback>Correct</verification_feedback>
    </studentAnswer>
    <studentAnswer id="12.3_PE.295">
      <response>This assumption does not hold in the real world, because, in the real world, networks must deal with bursty traffic, as well as times when there is no or very less traffic, and this change in traffic is dependent on a number of factors. 
For eg. when using a streaming service, the probability of seeing packets arrive continuously is very high as opposed to downloading a pdf file, and the arrival of the packets is very much dependent on the activity or traffic at previous and future time intervals.</response>
      <response_feedback>The response is correct as it correctly associates the probability of an arrival happening at a node with previous arrivals at the node.</response_feedback>
      <score>1.0</score>
      <verification_feedback>Correct</verification_feedback>
    </studentAnswer>
    <studentAnswer id="12.3_PE.327">
      <response>An important characteristic of the Poisson distribution is that the probability of x taking a discrete value is independent upon the previous values i.e. the probability is independent of the past. Poisson distribution is often used to model arrival of packets during an interval. The packet arrival times modeled by the Poisson distribution have an exponential distribution and constitute an independent identically distributed process. However, in practice it has been shown that the packet inter-arrival times do not have an exponential distribution, hence the error introduced by modeling them as Poisson distribution is significantly large.</response>
      <response_feedback>The question asks whether it is true that the arrivals at a node depend on previous arrivals at the same node for real internet traffic. However, the response states an explanation of the error introduced while modelling the packet arrival using Poisson distribution due to non-exponential distributions.</response_feedback>
      <score>0.0</score>
      <verification_feedback>Incorrect</verification_feedback>
    </studentAnswer>
    <studentAnswer id="12.3_PE.423">
      <response>No, it does not hold. In real internet traffic, packet arrivals happen in bursts (or batches), the inter batch times are independent and exponentially distributed, and the batch sizes are random. The arriving packets are not independent and there is a high chance of receiving the following packets after receiving one. For instance, in torrent applications for file-sharing or web conferencing, the received packets should be related to the previous once.</response>
      <response_feedback>The response is correct as it correctly associates the probability of a packet arrival happening at a node with previous arrivals at the node.</response_feedback>
      <score>1.0</score>
      <verification_feedback>Correct</verification_feedback>
    </studentAnswer>
    <studentAnswer id="12.3_PE.448">
      <response>No, because sometimes many users want to access the server at the same time, while at other times, only few request the server. For example a livestream of a football match: everybody sends requests to the server at kickoff, but only few do after the game (to watch the highlights). That means that the arrivals are not independent. They can depend on other events.</response>
      <response_feedback>While the response explains the event point of view, internet traffic is generally bursty, independently of specific events. This makes the packet arrival at a node depend on the previous arrivals.</response_feedback>
      <score>0.75</score>
      <verification_feedback>Partially correct</verification_feedback>
    </studentAnswer>
    <studentAnswer id="12.3_PE.467">
      <response>No, because the arrivals are dependent from each other in terms of network state. For example, if a link fails, the likelihood that the next packet will not arrive is high if the last sent packet also did not. Reason for that is that in this case the link failure prevented the last packet from arriving and it is likely that the next packet will take the same route. Hence, it probably would also be dropped at that failed link. Same applies to full buffers of nodes lying on a route.</response>
      <response_feedback>The response is correct about the packets being dependent on each other. While the given example may be true, it is more of a pathological case and doesn’t reflect an inherent shortcoming of the model that makes the assumption false.</response_feedback>
      <score>0.75</score>
      <verification_feedback>Partially correct</verification_feedback>
    </studentAnswer>
    <studentAnswer id="12.3_PE.514">
      <response>No since the arrivals are not always independent. There are lots of services, that send the packets dependent on when the last one arrived and was Acked.</response>
      <response_feedback>The response is partially correct because it is true that the assumption doesn’t hold for real internet traffic. However, the stated explanation is incorrect because the arrival at a node is independent of whether a packet is acknowledged or not.</response_feedback>
      <score>0.5</score>
      <verification_feedback>Partially correct</verification_feedback>
    </studentAnswer>
    <studentAnswer id="12.3_PE.552">
      <response>No, this assumption does not hold for real internet traffic. If somebody for example streams videos on the internet, the probability that after the first packet another packet will arrive is much higher than the probability for the first packet. If you increase the interval Δt there is the possibility the assumption become true again, but it’s not a realistic case.</response>
      <response_feedback>The response is correct as it correctly associates the probability of a packet arrival happening at a node with previous arrivals at the node.</response_feedback>
      <score>1.0</score>
      <verification_feedback>Correct</verification_feedback>
    </studentAnswer>
    <studentAnswer id="12.3_PE.562">
      <response>No, I do not think that this assumption is true, especially when we are monitoring a connection that is far from being congested.
For example, with a single download of some data, the probability of more packets arriving after the first packet is no longer independent, and when the expected bytes have been transmitted, the probability of further packets belonging to the download is not very likely.
Another example is video streaming, where the video is transmitted in chunks and there are pauses between each chunk, the second packet of a chunk arrives with a higher probability, and after the chunk has been transmitted, there is a pause until the client requests another chunk, so again the arrivals are not independent.
In the examples given above, the arrivals of subsequent packets are not random and exponentially distributed, the packets arriving after the first packet are very likely to arrive consecutively, and as long as the download or video chunk is not completely received, the probability of getting further packets subsequent time intervals is higher than λΔt and after the download or chunk has finished, it is lower than 1 - λΔt.</response>
      <response_feedback>The response is correct as it correctly associates the probability of a packet arrival happening at a node with previous arrivals at the node.</response_feedback>
      <score>1.0</score>
      <verification_feedback>Correct</verification_feedback>
    </studentAnswer>
    <studentAnswer id="12.3_PE.603">
      <response>The Poisson process which is used to model the packet arrivals does not hold very realistically for the real Internet traffic. If the packet arrivals are considered over a longer period of time (through day and night, or through the before and after the Black Friday period, …), there will definitely be some intervals with many consecutive ON (1 – during the day or during the Black Friday promotion) or many consecutive OFF (0 – during the night time or before and after the promotion). The other scenario could be possible is when the packet arrivals of the video stream is considered, with the help of the streaming buffer, the packet will arrive continually for a period of time (when the stream player prefetches the data and store them in its own buffer). After that, when the amount of buffered data is enough, the stream player stops prefetching data then the packet arrivals are continually OFF until the player continues the prefetching process again. So, the real Internet traffic heavily depends on the times of day and the applications.</response>
      <response_feedback>One can use a function instead of a constant to model the arrival rate to reflect such large-scale behavioral patterns like having more traffic in the evening. The arrivals would not depend on previous arrivals then, only on the time of the day, which is known. Apart from that, the response is correct.</response_feedback>
      <score>0.75</score>
      <verification_feedback>Partially correct</verification_feedback>
    </studentAnswer>
    <studentAnswer id="12.3_PE.613">
      <response>No. Typically users dont use internet services continuesly throughout the whole day (and night), but in relatively short bursts. So this model would not hold over this timescales. Another reason is that in reality packages may depend on other packages e.g. with TCP traffic.</response>
      <response_feedback>One can use a function instead of a constant to model the arrival rate to reflect such large-scale behavioral patterns like non-continuous internet use over the day. The arrivals would not depend on previous arrivals then, only on the time of the day, which is known. Apart from that, the response is correct.</response_feedback>
      <score>0.75</score>
      <verification_feedback>Partially correct</verification_feedback>
    </studentAnswer>
    <studentAnswer id="12.3_PE.663">
      <response>For real internet traffic, the assumption of independent arrivals for each time unit does not hold truth, as there are packets in sequence that belong to each other and make the arrival of more packets of the same type more probable (bursty traffic). A good example for this dependent arrival of packets is streaming a movie - there is a sequence of similar packets arriving until the receiving buffer is full, so we cannot speak about indepedent arrival of the packets.</response>
      <response_feedback>The response is correct as it correctly associates the probability of a packet arrival happening at a node with previous arrivals at the node.</response_feedback>
      <score>1.0</score>
      <verification_feedback>Correct</verification_feedback>
    </studentAnswer>
    <studentAnswer id="12.3_PE.679">
      <response>No, it doesn’t hold. On the real internet, there’s all kind of traffic. In a TCP-connection for example, the packets strongly depend on one another in various ways. The sequence in which the packets need to arrive is critical. There are acknowledgements, which are only sent if a packet arrives at the destination. And if some packets don’t arrive, they will be retransmit.</response>
      <response_feedback>As mentioned in the response, the correct answer is "No". Real internet traffic is bursty, which is the main reason for the assumption being false. The above example attributes the burstiness to the sequencing, retransmission, and acknowledgement, which may contribute but are not the main cause of the assumption's violation.</response_feedback>
      <score>0.75</score>
      <verification_feedback>Partially correct</verification_feedback>
    </studentAnswer>
    <studentAnswer id="12.3_PE.729">
      <response>No. In the real world, packet arrivals are rarely independent. It is very likely that data is split into multiple packets that are then sent and received in rapid succession. 

Furthermore, packets caused by humans will always share the dependencies of humans. For example if packets are sent because of human action, chances are that most humans in an area operate during roughly the same time frames. The majority will get up early, start their work, have a lunch break, finish work and go home. In this scenario, packet arrivals are not 100% independent, because they correlate with the productive hours of a population.</response>
      <response_feedback>The response is correct as it correctly associates the probability of a packet arrival happening at a node with previous arrivals at the node.</response_feedback>
      <score>1.0</score>
      <verification_feedback>Correct</verification_feedback>
    </studentAnswer>
    <studentAnswer id="12.3_PE.730">
      <response>It is not realistic because the amount of traffic is different at different times of the day. Another example are buffers e.g. video streaming where several packets are send followed by a break until the next train of packets.</response>
      <response_feedback>The response is partially correct because the arrival process' parameters can be time-dependent. In this way, the arrival rate wouldn't depend on the previous arrivals, but instead on the time of the day.</response_feedback>
      <score>0.75</score>
      <verification_feedback>Partially correct</verification_feedback>
    </studentAnswer>
    <studentAnswer id="12.3_PE.777">
      <response>This is a very strong assumption and not realistic since in reality you often have a period of time where you need a constant packet transmission, like for example in video streaming. This then depends on the usage of the application. Therefore it is often even more likely that in the next time interval the same event will occur as in the previous one, which would make it questionable whether it is a random process at all.</response>
      <response_feedback>The response is correct as it correctly associates the probability of a packet arrival happening at a node with previous arrivals at the node.</response_feedback>
      <score>1.0</score>
      <verification_feedback>Correct</verification_feedback>
    </studentAnswer>
    <studentAnswer id="12.3_PE.833">
      <response>When considering real internet traffic, it is unreasonable to assume that the individual arrivals are independent from each other. Whether packets are arriving or not is based not on independent instances, but on usage. For example, if someone was streaming or downloading something on the internet then the chance of packets arriving within that time frame is extremely high, and that probability is dependent on internet usage.</response>
      <response_feedback>The response is correct as it correctly associates the probability of a packet arrival happening at a node with previous arrivals at the node.</response_feedback>
      <score>1.0</score>
      <verification_feedback>Correct</verification_feedback>
    </studentAnswer>
    <studentAnswer id="12.3_PE.844">
      <response>This doesn't hold true for the real internet, because we often have bursty traffic. First of all there could be long-tail traffic, that for example be caused by user behavior like people watching video streams more likely in the evening. Then we also have long range dependencies. Video streaming for example is implemented with buffers where the buffer is filled with high burst until it's full.</response>
      <response_feedback>The first example in the response is partially correct because the arrival process' parameters can be time-dependent. That can model such intra-day variations like more video traffic during the evening. Knowing previous arrivals no longer has to capture this information for us, thus making the inter-arrival times independent in this regard. Apart from that, the response is correct.</response_feedback>
      <score>0.75</score>
      <verification_feedback>Partially correct</verification_feedback>
    </studentAnswer>
    <studentAnswer id="12.3_PE.849">
      <response>No, it does not. In real internet traffic, there are bursts / peaks with a high amount of packages delivered simultaneously. These peak phases are likely to last more than only one time interval (e.g. if an application requests a lot of data), so the arrivals in one time interval and the arrivals in the previous / next interval are correlated and therefore not independent.</response>
      <response_feedback>The response is correct as it correctly associates the probability of a packet arrival happening at a node with previous arrivals at the node.</response_feedback>
      <score>1.0</score>
      <verification_feedback>Correct</verification_feedback>
    </studentAnswer>
    <studentAnswer id="12.3_PE.893">
      <response>In the Poisson process, the number of incoming packets follows the Poisson distribution, It is easier to control than in real internet traffic. Observation by using Poisson process requires conservative operating point, that does not imply with real internet traffic.</response>
      <response_feedback>The conclusion "no" is correct but the explanation does not explain why these conservative operating conditions do not hold true for the real internet.</response_feedback>
      <score>0.5</score>
      <verification_feedback>Partially correct</verification_feedback>
    </studentAnswer>
    <studentAnswer id="12.3_PE.917">
      <response>The assumption of independent Poisson arrivals has been justified by claiming that the aggregation of many independent and identically distributed renewal processes tend to Poisson process when the number increases.

Poisson processes are conventional in traffic application scenarios that include a large number of independent traffic streams. The theoretical background behind the usage comes from Palm's theorem (Arrowsmith et al. 2015). It states that under suitable but mild conditions, such a large number of multiplexed streams approach a Poisson process as the number of streams grows. Still, the individual rates decrease to keep the aggregate rate constant. But, traffic aggregation need not always result in a Poisson process. So it holds if the above-mentioned criteria apply.</response>
      <response_feedback>The response does not provide an explicit "yes" or "no". It instead states another underlying condition when the Poisson process will hold, without concluding whether it holds for the real internet.</response_feedback>
      <score>0.0</score>
      <verification_feedback>Incorrect</verification_feedback>
    </studentAnswer>
    <studentAnswer id="12.3_PE.946">
      <response>This assumption is not 100% applicable due to the fact, that there are packets which are dependent on each other like TCP packets. In this case, in order to estabilish a TCP connection, pecific packets have to be sent, which are strict dependent on each other. If we have a TCP connection, which starts at time t and ends at time t+n, there are some packets in this time period, which are dependent on each other.</response>
      <response_feedback>Indeed, the assumption doesn’t hold for real internet traffic. However, the explanation is incorrect because many packets may arrive at a queue so that a specific TCP connection will likely not significantly influence the arrival probabilities.</response_feedback>
      <score>0.5</score>
      <verification_feedback>Partially correct</verification_feedback>
    </studentAnswer>
    <studentAnswer id="12.3_PE.962">
      <response>No the assumptions does not hold, since the arrivals depend on each other. For example one request to a server leads to multiple packets being sent back. Also the answer of the server then might lead to multiple requests afterwards. Thus the packets come in stacks with time in between, since the server and the client need to process the packets.</response>
      <response_feedback>The response is correct except that it attributes the bursty nature of the internet traffic to the request/response model which is not always the case.</response_feedback>
      <score>0.75</score>
      <verification_feedback>Partially correct</verification_feedback>
    </studentAnswer>
    <studentAnswer id="12.3_PE.1034">
      <response>The arrivals are not independt for real internet traffic, because they can influence one another.
E.g if a request is sent, the probabillity of a next message (the response) is more likely.</response>
      <response_feedback>The response is partially correct because the question requirement is to identify whether the arrivals at a node depend on previous arrivals at the same node. Therefore, the explanation that the arrival at a node depends on the outgoing packets is incorrect.</response_feedback>
      <score>0.5</score>
      <verification_feedback>Partially correct</verification_feedback>
    </studentAnswer>
    <studentAnswer id="12.3_PE.1136">
      <response>This assumption is not a good model in the real internet traffic, since the packets come in bursts over a range of time scales in the real network traffic, but not independently in a certain time interval. So this process is just mathematically.</response>
      <response_feedback>The response is partially correct because it is true that arrivals are not independent as real internet traffic comes in bursts. However, the explanation does not elaborate on why that is.</response_feedback>
      <score>0.75</score>
      <verification_feedback>Partially correct</verification_feedback>
    </studentAnswer>
    <studentAnswer id="12.3_PE.1162">
      <response>No, it does not hold for real internet traffic. The amount of traffic normally varies throughout the day. Internet traffic is also often bursty, so when a packet got sent, more packets with a very short interarrival time will follow for the duration of the burst. When the burst is over, e.g. because a video data buffer is full, the interarrival time can be much higher than during the burst.</response>
      <response_feedback>The response is correct as it correctly associates the probability of a packet arrival happening at a node with previous arrivals at the node.</response_feedback>
      <score>1.0</score>
      <verification_feedback>Correct</verification_feedback>
    </studentAnswer>
    <studentAnswer id="12.3_PE.1196">
      <response>The assumption doesn't fit real internet traffic perfectly, because in real traffic, there often is a continuous flow of data, when transmitting a file. If a file is for example split into 3 packets and transmitted over a network, then these 3 packets will arrive relatively close to each other in comparison to the packets of another transfer. So within a transmission, delta t is usually a lot lower than between different transmissions, which means the delta t's are not really independent.</response>
      <response_feedback>The response is correct as it correctly associates the probability of a packet arrival happening at a node with previous arrivals at the node.</response_feedback>
      <score>1.0</score>
      <verification_feedback>Correct</verification_feedback>
    </studentAnswer>
    <studentAnswer id="12.3_PE.1223">
      <response>In general, the assumption does not hold. With streaming services for example, it is highly likely, that one packet is followed by another one. 
Therefore, the probability of an arrival in any time slice is dependent on the previous one.</response>
      <response_feedback>The response is correct as it correctly associates the probability of a packet arrival happening at a node with previous arrivals at the node.</response_feedback>
      <score>1.0</score>
      <verification_feedback>Correct</verification_feedback>
    </studentAnswer>
    <studentAnswer id="12.3_PE.1229">
      <response>No this assumption does not hold for real internet traffic because for example if I watch a video and the packets are transportet in bursty traffic, there is always a period in which it is more likely to have arrivals of packets. So the arrivals would more look like a few ones followed by a few zeros followed by ones and so on instead of an independent arrival. Also other factors like congestion or the time at which the network is used (evening or morning) can influence the packet arrivals.</response>
      <response_feedback>The response is correct as it correctly associates the probability of a packet arrival happening at a node with previous arrivals at the node.</response_feedback>
      <score>1.0</score>
      <verification_feedback>Correct</verification_feedback>
    </studentAnswer>
    <studentAnswer id="12.3_PE.1349">
      <response>No it does not hold for real internet traffic. Take video traffic as an example. Client fetches data from server and fill them in its buffer. Data could come more and more if the previous of them has been transmitted and filled successfully. If not successfully, the retransmission can happen. Therefore each time interval are dependent on others, i.e. they are not independent.</response>
      <response_feedback>The response is correct as it correctly associates the probability of a packet arrival happening at a node with previous arrivals at the node.</response_feedback>
      <score>1.0</score>
      <verification_feedback>Correct</verification_feedback>
    </studentAnswer>
    <studentAnswer id="12.3_PE.1369">
      <response>This assumption is not realistic for real internet traffic. It is different between day and night. For example in video traffic, a window buffer may be on to fetch the next segments of video, then off to deplete it, and then on again to fetch the next further segments of video.</response>
      <response_feedback>One can use a function instead of a constant to model the arrival rate to reflect such large-scale, day-night behavioral patterns. The arrivals would not depend on previous arrivals then, only on the time of the day, which is known. Apart from that, the response is correct.</response_feedback>
      <score>0.75</score>
      <verification_feedback>Partially correct</verification_feedback>
    </studentAnswer>
    <studentAnswer id="12.3_PE.1372">
      <response>The poisson process is based on probabilities based on randomly arriving packets, based on t indepedent.
Every interval is independent to the previous intervals, so arrivals are memoryless.
The same situation is for the internet. Here we have server/client application, webserver, streaming clients which have different and randomly packet arrivals which can be modelled as poisson process.</response>
      <response_feedback>The correct answer is "No". The packets in streaming are not random but depend on the previous arrivals at a node.</response_feedback>
      <score>0.0</score>
      <verification_feedback>Incorrect</verification_feedback>
    </studentAnswer>
    <studentAnswer id="12.3_PE.1461">
      <response>It can’t always hold for real internet traffic, because receiver accepts a packet or not  depends on the data packet transmission protocol. For example, the protocol requires that packets need to be received in a certain order, at this time, the time interval is not independent.</response>
      <response_feedback>Though the assumption does not hold for the real internet, the reason behind this is the bursty nature of internet traffic. The arrival of a packet at a node is not dependent on whether it is accepted, buffered or dropped at a node.</response_feedback>
      <score>0.5</score>
      <verification_feedback>Partially correct</verification_feedback>
    </studentAnswer>
    <studentAnswer id="12.3_PE.1474">
      <response>No because internet traffic is normally bursty which means that there are more than one packet per data transmission. For example if you open a video in the internet the webpage sends some part of the video to fill a buffer for several seconds, then waits until the user has watch some seconds of the video and then fills the buffer with the next part of the video. While sending these parts, each time interval is not really independent of the one before because the packets are too small to send the buffer data in one single packet.</response>
      <response_feedback>The response is correct as it correctly associates the probability of a packet arrival happening at a node with previous arrivals at the node.</response_feedback>
      <score>1.0</score>
      <verification_feedback>Correct</verification_feedback>
    </studentAnswer>
    <studentAnswer id="12.3_PE.1477">
      <response>This assumption does not hold for real internet traffic, since when we are watching a video, for example, we want to receive the packets, so we want the probability a packet to be delivered to be 1 and not 0. If we are not watching we want the probability to be 0. And a part from this when we are watching a video, we get a bunch of packets, then there is a higher probability that we receive also the next packets.</response>
      <response_feedback>The response is correct as it correctly associates the probability of a packet arrival happening at a node with previous arrivals at the node.</response_feedback>
      <score>1.0</score>
      <verification_feedback>Correct</verification_feedback>
    </studentAnswer>
    <studentAnswer id="12.3_PE.1490">
      <response>No, this assumption does not hold for the real internet, as traffic in the real internet often occurs in burst rather than as random packets send at an abitrary time. For example, when loading one file (webpage, video, etc.), there are several consecutive packets issued, and the likelihood that there is another packet immediately after another one has been received is therefore much higher as the propability of one packet arriving after a longer interval of no arriving packets.</response>
      <response_feedback>The response is correct as it correctly associates the probability of a packet arrival happening at a node with previous arrivals at the node.</response_feedback>
      <score>1.0</score>
      <verification_feedback>Correct</verification_feedback>
    </studentAnswer>
    <studentAnswer id="12.3_PE.1500">
      <response>This assumption does not hold for real internet traffic. Time intervals are very small, while internet traffic (for example start watching a Youtube Video where the buffer is filled.) may have a long duration. Therefore the probability of packet arrival, in the timeslot directly after a timeslot with packet arrival is higher, than in the timeslot where its predecessor had no packet arrival.</response>
      <response_feedback>The response is correct as it correctly associates the probability of a packet arrival happening at a node with previous arrivals at the node.</response_feedback>
      <score>1.0</score>
      <verification_feedback>Correct</verification_feedback>
    </studentAnswer>
    <studentAnswer id="12.3_PE.1524">
      <response>No, the assumption of independence (for each interval ∆t) does not apply to the real world. Assume video traffic in the form of watching Netflix: there will be significant more video traffic in the evening than in the morning. Therefore, the it is dependent from the time of the day and not independent as assumed within the Poisson Process.</response>
      <response_feedback>One can use a function instead of a constant to model the arrival rate to reflect such large-scale behavioral patterns like more video traffic in the evening. The arrivals would not depend on previous arrivals then, only on the time of the day, which is known. Apart from that, the response is correct.</response_feedback>
      <score>0.75</score>
      <verification_feedback>Partially correct</verification_feedback>
    </studentAnswer>
    <studentAnswer id="12.3_PE.1714">
      <response>No, this assumption is too strong for real internet traffic. The probability that you get another packet after you received one is much higher as e.g. video applications might fetch the next seconds of the video into the local buffer which causes a number of packets. After buffering a segment of the video, there is no traffic until the next video segment is fetched which again causes more traffic. Furthermore, circumstances like the time of the day influence the traffic in different ways.</response>
      <response_feedback>The response is correct as it correctly associates the probability of a packet arrival happening at a node with previous arrivals at the node.</response_feedback>
      <score>1.0</score>
      <verification_feedback>Correct</verification_feedback>
    </studentAnswer>
    <studentAnswer id="12.3_PE.1724">
      <response>No, let’s suppose we have a server that hosts VOIP(voice over IP) services. If the server had a high amount of arrivals* (of packets) in the previous interval, it is more likely to have a similar amount of arrivals in the upcoming interval as the calls in the previous interval are still ongoing(unless the call has ended). Same goes for the other way around. If the previous interval did not have a lot of traffic coming through it is more likely that the upcoming interval also does not have a lot of traffic incoming(unless a lot of calls starts on the interval change). Thus each interval has some sort of dependency to the previous one(s).

* incoming packets of ongoing calls</response>
      <response_feedback>The response is correct as it correctly associates the probability of a packet arrival happening at a node with previous arrivals at the node.</response_feedback>
      <score>1.0</score>
      <verification_feedback>Correct</verification_feedback>
    </studentAnswer>
    <studentAnswer id="12.3_PE.1814">
      <response>The assumption doesn't hold for real internet traffic because people usually use their connection in some time frames (for example watching Netflix) an then don't use ist fore some time (for example while sleeping) regularly.If there is a first packet more usually follow after that. So the time slot after a packet has a higher probability to also contain a packet.</response>
      <response_feedback>The response is correct as it correctly associates the probability of a packet arrival happening at a node with previous arrivals at the node.</response_feedback>
      <score>1.0</score>
      <verification_feedback>Correct</verification_feedback>
    </studentAnswer>
    <studentAnswer id="12.3_PE.1867">
      <response>No, because traffic can be dependent on the time or previous arrivals. For video streaming, arrivals are more likely to occur during the evening than during the morning, and are also dependent on previous arrivals (it’s likely for streaming that an arrival follows another arrivals, meaning the user continues to stream).</response>
      <response_feedback>One can use a function instead of a constant to model the arrival rate to reflect such large-scale behavioral patterns like having more traffic in the evening. The arrivals would not depend on previous arrivals then, only on the time of the day, which is known. Apart from that, the response is correct.</response_feedback>
      <score>0.75</score>
      <verification_feedback>Partially correct</verification_feedback>
    </studentAnswer>
    <studentAnswer id="12.3_PE.1887">
      <response>No because in the model the packet arrivals have a probability to receive or not to receive a packet. For example, overnight no packets have to be received and delta(t) must be all the time 0. And while streaming a movie multiple packets have to be received and delta(t) must be 1 all the time. Additionally, for movies, packets get receive via a stream buffer with more packets in a row and so the arrivals are not independent.</response>
      <response_feedback>The response is correct as it correctly associates the probability of a packet arrival happening at a node with previous arrivals at the node.</response_feedback>
      <score>1.0</score>
      <verification_feedback>Correct</verification_feedback>
    </studentAnswer>
    <studentAnswer id="12.3_PE.1946">
      <response>For real internet traffic, the assumption is not always hold. For example, for a specific moment where nobody is using the internet, the time interval will always be 0. On the other hand, when a movie is being streamed via netflix, the packets will always arrive with time interval 1. Especially, for the streaming service, the packets will arrive via a stream buffer with more packets in a row, meaning the arrivals are not independent.</response>
      <response_feedback>The correct answer is "No" but the explanation of requiring constant time intervals for packet arrival is incorrect.</response_feedback>
      <score>0.75</score>
      <verification_feedback>Partially correct</verification_feedback>
    </studentAnswer>
    <studentAnswer id="12.3_PE.2005">
      <response>No, it does not hold the assumption. The arrivals are more or less bundled because the packages are arriving after each other when you use the internet. They are arriving more or less in a small timespan. Therefore the arrival of two packages is not independent.</response>
      <response_feedback>The response is partially correct because it is true that arrivals are not independent as real internet traffic comes in bursts. However, the explanation does not elaborate on why that is.</response_feedback>
      <score>0.75</score>
      <verification_feedback>Partially correct</verification_feedback>
    </studentAnswer>
    <studentAnswer id="12.3_PE.2024">
      <response>No this assumption does not hold for real internet traffic. Real Internet Traffic has built in congestion and flow control mechanisms, therefore if the packets get dropped due to queue buffer overflow from high arrival rate, there would be missing ACK messages detected at the sender side. Therefore the rate of transmission from sender will drop or slow down to compensate for slow receiver. In this sense the arrivals at each time interval are not really independent.</response>
      <response_feedback>While the congestion does affect the arrival dependency at a node,  the main cause is how data is sent normally, which is in bursts.</response_feedback>
      <score>0.75</score>
      <verification_feedback>Partially correct</verification_feedback>
    </studentAnswer>
    <studentAnswer id="12.3_PE.2054">
      <response>No, this assumption does not hold in the real internet traffic. In the real internet traffic packets arrive in bursts and over longer time periods there are phases with more or with less traffic. So the probability for the arrival of a packet is higher in Δt if packets arrived in the previous intervals.</response>
      <response_feedback>The response is correct as it correctly associates the probability of a packet arrival happening at a node with previous arrivals at the node.</response_feedback>
      <score>1.0</score>
      <verification_feedback>Correct</verification_feedback>
    </studentAnswer>
    <studentAnswer id="12.3_PE.2057">
      <response>No this does not hold for internet traffic, because if you look at data that exceeds the standard packet size (e.g. streaming of videos), receiving another packet that depends on the previous one and potentially took the same path is a likely occurrence. The poisson process also doesn’t account for packet drops where a resend might be necessary, making it also dependent on packet loss rate.</response>
      <response_feedback>The response is correct as it correctly associates the probability of a packet arrival happening at a node with previous arrivals at the node.</response_feedback>
      <score>1.0</score>
      <verification_feedback>Correct</verification_feedback>
    </studentAnswer>
    <studentAnswer id="12.3_PE.2079">
      <response>No this assumption does not holds for the real internet traffic because in real scenarios whenever the packet arrives then it is expected that much more packets will be received and if pick a time duration for that such as the night or day then there will be a variance in the packets arrival as we will be checking for packets during the day and which will be more also similarly for a video buffering application, the interval at which we request the packets will be different and infrequent.</response>
      <response_feedback>The response is partially correct because the arrival process' parameters can be time-dependent. In this way, the arrival rate wouldn't depend on the previous arrivals, but instead on the time of the day.</response_feedback>
      <score>1.0</score>
      <verification_feedback>Correct</verification_feedback>
    </studentAnswer>
    <studentAnswer id="12.3_PE.2107">
      <response>No, this assumption does not hold for real internet traffic, because usually data transfer on any layer happens in multiple, often many packets.
If a machine initiates a data transfer, it is very likely that it wants to send more data than fitting in one packet, so it will send many
of them in succession. In this case the time interval between the packet arrivals is not independent since they belong to one connection
or data transfer. For example if a machine wants to receive a video stream of Netflix, it will have a lot of packets continuously 
(although buffered) receiving from the Netflix servers, so the arrivals of the packets of the video stream are not independent, therefore
the time intervals Δt between them are also not independent.</response>
      <response_feedback>The response is correct as it correctly associates the probability of a packet arrival happening at a node with previous arrivals at the node.</response_feedback>
      <score>1.0</score>
      <verification_feedback>Correct</verification_feedback>
    </studentAnswer>
  </studentAnswers>
</question>
